1,Maude,Lodder,Female
2,Joellyn,Chaudhry,Female
3,Kingsly,Beveredge,Male
4,Aviva,Welband,Female
5,Jorge,Cabrales,Male
6,Stanislaus,Edbrooke,Male
7,Briny,Pavolillo,Female
8,Sydelle,Bracchi,Female
9,Maressa,Marcussen,Female
10,Chlo,Finders,Female
11,Maddie,Kolakowski,Female
12,Issiah,Garrow,Male
13,Ernestus,Blucher,Male
14,Gradeigh,Cloy,Male
15,Flint,Cicco,Male
16,Goldia,Clorley,Female
17,Carlynn,Runciman,Female
18,Donalt,Thewless,Male
19,Zacherie,Cluely,Male
20,Crawford,Woollhead,Male
21,Mitchel,MacArthur,Male
22,Meridith,Carillo,Female
23,Saraann,Derrett,Female
24,Della,Leynagh,Female
25,Ross,Samart,Male
26,Si,Seamarke,Male
27,Kendell,McCabe,Male
28,Florrie,Peacop,Female
29,Rena,Meagh,Female
30,Thaddus,Lockey,Male
31,Isak,Swinyard,Male
32,Johny,Mitchall,Male
33,Chilton,Kasbye,Male
34,Deane,Cholomin,Male
35,Dorelle,Aries,Female
36,Giacopo,Becket,Male
37,Heidie,Stempe,Female
38,Levon,Devanney,Male
39,Giavani,Dowty,Male
40,Alvis,Chatterton,Male
41,Levy,Hackleton,Male
42,Sissy,Billam,Female
43,Hort,Chesson,Male
44,Victoir,Thunders,Male
45,Daffi,Silverwood,Female
46,Clem,Pighills,Male
47,Tristan,De Ferraris,Male
48,Jacklin,Leel,Female
49,Kirstyn,Peake,Female
50,Ingrim,Leworthy,Male
51,Jarrad,Haste,Male
52,Valdemar,Glave,Male
53,Freddi,McCole,Female
54,Tracy,Lade,Female
55,Raychel,Noli,Female
56,Camille,Kilrow,Female
57,Ingemar,Dinnage,Male
58,Vidovic,Kendal,Male
59,Lorrie,Lechmere,Male
60,Marcelia,Pooley,Female
61,Rock,Fruish,Male
62,Pansie,Woolmington,Female
63,Meghan,Ommundsen,Female
64,Zarla,Dowdeswell,Female
65,Germana,Enderlein,Female
66,Igor,Turn,Male
67,Lea,Pech,Female
68,Leicester,Mattek,Male
69,Shane,McCambrois,Female
70,Debera,Hazelden,Female
71,Kariotta,Gutcher,Female
72,Hermy,Zywicki,Male
73,Dian,Adnett,Female
74,Dewey,Gunderson,Male
75,Rudd,Hartness,Male
76,Aliza,McIlroy,Female
77,Rhiamon,Halligan,Female
78,Randal,Zink,Male
79,Abbott,Mathevon,Male
80,Goraud,Fochs,Male
81,Olivier,Deaville,Male
82,Bryce,Bee,Male
83,Gian,De Filippi,Male
84,Eldredge,Drage,Male
85,Hank,Cockshot,Male
86,Janot,Habbon,Female
87,Duncan,Climie,Male
88,Humfrid,Sacker,Male
89,Gaylord,Dmitrienko,Male
90,Nancee,Strover,Female
91,Shir,Klementz,Female
92,Myriam,Tawton,Female
93,Quintina,Jerrim,Female
94,Arabelle,Morrel,Female
95,Emera,Beard,Female
96,Chip,Polleye,Male
97,Bogey,Indge,Male
98,Sherwin,Durgan,Male
99,Donavon,Hillhouse,Male
100,Moishe,Mayho,Male
101,Erna,Juris,Female
102,Shane,Fant,Male
103,Blanch,Bradnocke,Female
104,Loralee,Morritt,Female
105,Ogdan,Bengtsen,Male
106,Emilie,Schinetti,Female
107,Audry,Willerson,Female
108,Agnella,Gilliat,Female
109,Fee,Smiley,Male
110,Carly,Galletly,Female
111,Lilian,Weepers,Female
112,Toby,Yakovich,Female
113,Lucine,Simeone,Female
114,Mellie,Attridge,Female
115,Aland,Tingey,Male
116,Dalila,Kalkofer,Female
117,Gearard,Cluitt,Male
118,Tracey,Tzuker,Female
119,Vite,Soper,Male
120,Whitney,Navarre,Female
121,Christy,Bredee,Male
122,Martainn,Shine,Male
123,Rourke,Dyer,Male
124,Ninon,Holleworth,Female
125,Jarrid,Bossel,Male
126,Alexis,Breckon,Male
127,Collette,Laingmaid,Female
128,Rutherford,Crosser,Male
129,Tildie,Borrington,Female
130,Cathee,Lewington,Female
131,Pavla,Willoway,Female
132,Vasily,Bain,Male
133,Christyna,Norcop,Female
134,Andrei,Carrell,Female
135,Denis,Prozescky,Male
136,Waylon,Blundell,Male
137,Perri,Upton,Female
138,Mathias,Lukas,Male
139,Coop,Evitt,Male
140,Livvie,Haugh,Female
141,Yves,Kares,Male
142,Mathias,McCrae,Male
143,Donnie,Silverson,Male
144,Elwyn,Slott,Male
145,Wrennie,Yakob,Female
146,Warner,Braunstein,Male
147,Mela,Passler,Female
148,Joshua,Shellshear,Male
149,Denver,Doud,Male
150,Wilie,Chaudrelle,Female
151,Lorianna,Skoof,Female
152,Nanine,Normanville,Female
153,Bartram,Ferrige,Male
154,Zorina,Jankovic,Female
155,Lucien,Ferreras,Male
156,Dayna,Jeanes,Female
157,Van,Cainey,Male
158,Milty,Shoebottom,Male
159,Gail,Sidaway,Female
160,Frans,Helliwell,Male
161,Conrad,Sibbit,Male
162,Frederik,Pinnegar,Male
163,Ruthanne,Gierke,Female
164,Xenos,Streatfeild,Male
165,Anabella,Wileman,Female
166,Chelsea,Hodjetts,Female
167,Orton,Brugemann,Male
168,Starla,Reditt,Female
169,Zea,Perico,Female
170,Burke,Chesnut,Male
171,Brock,Tompion,Male
172,Winnifred,Sirett,Female
173,Lindy,Stebbing,Female
174,Britta,Jeste,Female
175,Husein,Kidman,Male
176,Mahalia,Woodrooffe,Female
177,Allister,Drewett,Male
178,Emmeline,Ianniello,Female
179,Enoch,Tabrett,Male
180,Jonell,Chorley,Female
181,Loise,Belson,Female
182,Will,Verlinden,Male
183,Sammy,Varlow,Male
184,Gale,Le Grand,Female
185,Dorena,End,Female
186,Yorgo,Younghusband,Male
187,Agnesse,Pfiffer,Female
188,Tamera,Creffeild,Female
189,Wolfie,McMahon,Male
190,Donica,Gladwin,Female
191,Bjorn,Khadir,Male
192,Chauncey,Dovidaitis,Male
193,Abrahan,Leftridge,Male
194,Verge,Mattiassi,Male
195,Lyssa,Youel,Female
196,Sarajane,Truggian,Female
197,Jami,Boundley,Female
198,Aldric,Berni,Male
199,Shaw,Baroche,Male
200,Karlik,Mullins,Male
201,Nickolas,Papez,Male
202,Trey,Rothera,Male
203,Rudolfo,Tewnion,Male
204,Lennard,Sutherington,Male
205,Kasper,Dauncey,Male
206,Nowell,Paslow,Male
207,Baudoin,Clotworthy,Male
208,Fay,Bugg,Female
209,Delphine,Kitcher,Female
210,Englebert,Kennerknecht,Male
211,Stormy,McGeffen,Female
212,Maryellen,McCaughey,Female
213,Maridel,Zellner,Female
214,Corrine,Baulch,Female
215,Oby,Nial,Male
216,Akim,Gillon,Male
217,Sanford,Fransson,Male
218,Claudina,Gilffilland,Female
219,Urbanus,Lantuff,Male
220,Nessie,Lindemann,Female
221,Hasty,Janowicz,Male
222,Gustavus,Danskine,Male
223,Jessie,Velti,Female
224,Noell,Clench,Female
225,Elisabetta,Rozec,Female
226,Janot,McNamee,Female
227,Lola,Bastick,Female
228,Blisse,Dentith,Female
229,Laurene,Markl,Female
230,Colleen,Tant,Female
231,Ingamar,Duchesne,Male
232,Zelda,Cuffley,Female
233,Emmalynne,Burgis,Female
234,My,Dalton,Male
235,Urson,Oliveto,Male
236,Salim,Seiler,Male
237,Virge,Proger,Male
238,Oralla,Bingell,Female
239,Alfred,Colcomb,Male
240,Merrile,Deetch,Female
241,Saunders,Jantot,Male
242,Gaylor,Langstrath,Male
243,Rudyard,Cragell,Male
244,Filbert,Kolak,Male
245,Farrel,Kirkhouse,Male
246,Kipper,Ketchell,Male
247,Trent,Doohan,Male
248,Merill,Jellico,Male
249,Clemmy,Santry,Male
250,Gladi,Zannuto,Female
251,Mechelle,Blunden,Female
252,Melamie,Dunsmuir,Female
253,Benton,Ennew,Male
254,Calhoun,Bicker,Male
255,Son,Muston,Male
256,Barry,Zorn,Female
257,Gayel,Gunn,Female
258,Lurleen,Lafont,Female
259,Billi,Grosvenor,Female
260,Skipp,Imm,Male
261,Anna,Stanyon,Female
262,Violet,Sealeaf,Female
263,Justinian,Bosley,Male
264,Marabel,Jarritt,Female
265,Shaw,Tunnacliffe,Male
266,Holly,Lain,Male
267,Murial,Gallehock,Female
268,Park,Raison,Male
269,Shirley,Beningfield,Female
270,Tod,Moir,Male
271,Jervis,Dimmne,Male
272,Chadwick,Haylor,Male
273,Sharai,O'Tuohy,Female
274,Sinclare,Iashvili,Male
275,Corinna,Wagen,Female
276,Malia,Sinnat,Female
277,Joete,Varah,Female
278,Keary,Janak,Male
279,Oliviero,Bruster,Male
280,Thedrick,Manuelli,Male
281,Maxim,Cleminshaw,Male
282,Adriena,Pallister,Female
283,Job,Lammerich,Male
284,Rorke,Tomsett,Male
285,Irena,Pavyer,Female
286,Norby,Gyves,Male
287,Murielle,Duchant,Female
288,Rickard,Dennerley,Male
289,Hesther,Formby,Female
290,Kenneth,Kuzemka,Male
291,Ron,Krammer,Male
292,Morie,Gounod,Male
293,Audra,Turfs,Female
294,Melinde,Gelly,Female
295,Nariko,Aldersea,Female
296,Gates,Pickthorn,Female
297,Odetta,Cheater,Female
298,Gloriana,Riggs,Female
299,Sascha,Walsham,Female
300,Theo,Quartermain,Female
301,Beale,Carr,Male
302,Lauryn,Bratcher,Female
303,Sibella,Stoltz,Female
304,Warden,Hutchcraft,Male
305,Deerdre,Harrema,Female
306,Cecile,Craister,Female
307,Tasia,Jakaway,Female
308,Jen,Guice,Female
309,Silvie,Ginley,Female
310,Morris,Gladstone,Male
311,Chrystal,Stickells,Female
312,Eunice,Peto,Female
313,Gipsy,Plom,Female
314,Theodora,Verralls,Female
315,Renell,Ould,Female
316,Carolyne,Wiffler,Female
317,Ardine,Stachini,Female
318,Torey,Shortcliffe,Male
319,Omar,Aggis,Male
320,Kenton,Gilfoyle,Male
321,Melba,Sabben,Female
322,Julian,Steuhlmeyer,Male
323,Ryun,Siehard,Male
324,Thibaud,Essery,Male
325,Boyd,Metcalf,Male
326,Alan,Barnardo,Male
327,Jaye,Edmead,Male
328,Ambrose,Vears,Male
329,Estrella,Rawlin,Female
330,Holly,Jarret,Male
331,Shelby,Folonin,Female
332,Tymon,Saintpierre,Male
333,Nicol,Ickovicz,Male
334,Lula,Tenney,Female
335,Vernon,Jonczyk,Male
336,Kaitlin,Elton,Female
337,Sam,Genever,Female
338,Skyler,Deshorts,Male
339,Patin,Belton,Male
340,Odo,Grieg,Male
341,Travis,Oakwood,Male
342,Wildon,Delgado,Male
343,Marj,Godsafe,Female
344,Odetta,Godfree,Female
345,Fletcher,Gonthier,Male
346,Amye,Drabble,Female
347,Belinda,Aitchinson,Female
348,Roma,Burnet,Male
349,Torey,Redington,Male
350,Darnall,Cadany,Male
351,Hermy,Nucci,Male
352,Florence,Janacek,Female
353,Fielding,Zelner,Male
354,Colby,Chucks,Male
355,Ruttger,Le Barre,Male
356,Ronny,MacKeig,Male
357,Chiquia,Snell,Female
358,Clywd,Sherwyn,Male
359,Barbaraanne,Shoorbrooke,Female
360,Tito,Harmes,Male
361,Lefty,Bolf,Male
362,Chris,Duchesne,Female
363,Alberto,Mingotti,Male
364,Corrie,Gaskal,Male
365,Maisie,Radband,Female
366,Elaine,Giamelli,Female
367,Hewe,Ordemann,Male
368,Theadora,Bulcroft,Female
369,Nissy,Geram,Female
370,Berna,Yakobovicz,Female
371,Woodrow,Costell,Male
372,Denney,Olligan,Male
373,Dennis,Rydzynski,Male
374,Jerrie,Sproston,Male
375,Yolanda,Sharnock,Female
376,Gabrila,Birchenhead,Female
377,Jonathon,Molineux,Male
378,Truman,Clynmans,Male
379,Alyss,Furtado,Female
380,Modesty,Shrubb,Female
381,Burg,Querrard,Male
382,Hally,Preddy,Female
383,Caterina,Dutnell,Female
384,Carny,Crossdale,Male
385,Chester,Puxley,Male
386,Dale,Leuchars,Female
387,Sawyere,Christopherson,Male
388,Jermain,Shanks,Male
389,Ferrel,Rawood,Male
390,Anjanette,Ramelot,Female
391,Kerrill,Cockren,Female
392,Rupert,Kerfut,Male
393,Misti,MacQuaker,Female
394,Hillie,Fenn,Male
395,Kylila,Fewless,Female
396,Rodger,Clausner,Male
397,Vlad,Grumley,Male
398,Archibaldo,Grieve,Male
399,Odelinda,Mattosoff,Female
400,Donavon,Fishe,Male
401,Maisey,Cockaday,Female
402,Alyosha,Saterweyte,Male
403,Didi,Raybould,Female
404,Lotti,Drew,Female
405,Evered,Fishpool,Male
406,Isabelita,Hirsch,Female
407,Goldia,Scinelli,Female
408,Loydie,Walesa,Male
409,Birgit,Comar,Female
410,Allard,Pracy,Male
411,Xever,Pratton,Male
412,Jorrie,Kinahan,Female
413,Ebonee,Valentim,Female
414,Vanda,Harby,Female
415,Alessandro,Dunkerk,Male
416,Kittie,Greber,Female
417,Kariotta,Camocke,Female
418,Nevile,Simonetto,Male
419,Phineas,Behneke,Male
420,Lizabeth,Pethrick,Female
421,Gage,Bidgood,Male
422,Alard,Riveles,Male
423,Gregoire,Gallyon,Male
424,Richard,Smerdon,Male
425,Jesus,Le Surf,Male
426,Rhys,Seagrave,Male
427,Felic,Bedbury,Male
428,Sherwin,Tante,Male
429,Cody,Domokos,Female
430,Giffer,Jacop,Male
431,Auguste,Rodenborch,Female
432,Shay,Flattman,Female
433,Janine,Adelberg,Female
434,Romonda,Aizikovitz,Female
435,Webster,Marflitt,Male
436,Dewitt,Thorowgood,Male
437,Adelaide,Dubber,Female
438,Giovanna,Gentreau,Female
439,Lise,Terrans,Female
440,Nelly,Gatheridge,Female
441,Amery,De Meis,Male
442,Maren,Connaughton,Female
443,Kippar,Ettridge,Male
444,Moyra,Fuchs,Female
445,Bette-ann,Darbey,Female
446,Field,Matyasik,Male
447,Emera,Cuttle,Female
448,Kerk,Winpenny,Male
449,Mureil,Togher,Female
450,Phyllida,Amthor,Female
451,Jolene,Seater,Female
452,Rabi,Lawrence,Male
453,Mona,Ungerer,Female
454,Eugenio,Bickell,Male
455,Mayne,Beggs,Male
456,Ced,Forsythe,Male
457,Fee,MacGoun,Male
458,Donia,Lamplough,Female
459,Bud,McKie,Male
460,Isaak,McKendry,Male
461,Winfred,Dumphreys,Male
462,Muhammad,Prentice,Male
463,Bram,Horning,Male
464,Forrest,Osgardby,Male
465,Bartram,Geill,Male
466,Devland,Mushet,Male
467,Chaim,Ferrettino,Male
468,Yorgos,Upcraft,Male
469,Katinka,Roadnight,Female
470,Bordy,Sawford,Male
471,Ainsley,de Chastelain,Female
472,Correna,Stallwood,Female
473,Wini,Assiratti,Female
474,Jillie,Losseljong,Female
475,Marijo,Rosenbarg,Female
476,Redford,Tolumello,Male
477,Sande,Marton,Female
478,Bary,Beinke,Male
479,Issy,Crier,Female
480,Ulrich,Jane,Male
481,Terence,Andrea,Male
482,Dory,McIlvenna,Female
483,Hubert,Sackler,Male
484,Rolando,McQuilkin,Male
485,Hillel,Lowseley,Male
486,Mateo,Dugald,Male
487,Nev,Joslin,Male
488,Winnah,McRae,Female
489,Merrill,Mocker,Female
490,Aldrich,MacAndie,Male
491,Bellina,McLinden,Female
492,Ilise,Carrell,Female
493,Ofella,Prestedge,Female
494,Shawnee,Stucksbury,Female
495,Svend,Downse,Male
496,Andrei,Willey,Female
497,Marabel,Fairhurst,Female
498,Brunhilda,Skoate,Female
499,Fergus,MacHoste,Male
500,Jasen,Petel,Male
501,Tobey,Brendish,Female
502,Hamlin,Edge,Male
503,Phillis,Arnolds,Female
504,Rosalind,Laverock,Female
505,Vivia,Crapper,Female
506,Wash,Cheng,Male
507,Shirleen,Fuchs,Female
508,Michael,Whitesel,Male
509,Michal,Grocutt,Male
510,Lane,Le Moucheux,Male
511,Joanna,Organ,Female
512,Cinderella,Coniff,Female
513,Carl,Mould,Male
514,Kearney,McSporrin,Male
515,Cornie,Stiven,Male
516,Tawsha,Matkin,Female
517,Hurley,Sarath,Male
518,Jay,Ewell,Male
519,Jamill,Cohane,Male
520,Buckie,Lelliott,Male
521,Ertha,Dewfall,Female
522,Desdemona,Clearley,Female
523,Cornelia,Spencley,Female
524,Georgetta,Sherebrooke,Female
525,Amanda,Blackesland,Female
526,Shepherd,Pitrelli,Male
527,Claire,Lush,Male
528,Magdaia,Masserel,Female
529,Leilah,Balharrie,Female
530,Bran,Dunnan,Male
531,Hally,Malkinson,Female
532,Godfry,Chittem,Male
533,Dorene,Tripet,Female
534,Vasili,Bartle,Male
535,Wren,Julien,Female
536,Falkner,Darby,Male
537,Lexy,Dudney,Female
538,Hartley,Furze,Male
539,Daryl,Loomis,Male
540,Dominique,Ricketts,Male
541,Gracie,Kenwood,Female
542,Tobe,Bilborough,Male
543,Artemus,Dilleston,Male
544,Melodee,Venes,Female
545,Boonie,Winfindale,Male
546,Cathrin,Sked,Female
547,Bartel,Slemming,Male
548,Dorine,Bawdon,Female
549,Boote,Lukas,Male
550,Berk,Meachen,Male
551,Penny,Blaxland,Female
552,Adrian,Jaquet,Female
553,Scot,Vuitte,Male
554,Ajay,Denial,Female
555,Anestassia,Croal,Female
556,Natka,Dundredge,Female
557,Colet,Tuerena,Male
558,Eda,Shoosmith,Female
559,Goldi,Doherty,Female
560,Esta,Kennett,Female
561,Bevvy,Broose,Female
562,Lucias,Etchells,Male
563,Tonye,Mileham,Female
564,Tanner,Dutnell,Male
565,Carlene,Fountain,Female
566,Gabi,Durtnell,Female
567,Talbert,Withrop,Male
568,Julio,Twaite,Male
569,Letitia,Chedzoy,Female
570,Reuven,Oldaker,Male
571,Mollie,Aggus,Female
572,Leonanie,Nial,Female
573,Farica,Borland,Female
574,Cammie,Rugieri,Female
575,Murdock,Walding,Male
576,Marthe,Bare,Female
577,Hephzibah,Carnelley,Female
578,Chiquia,Hamprecht,Female
579,Leilah,Cheek,Female
580,Raddy,Todhunter,Male
581,Steward,Conen,Male
582,Candida,Grigoriev,Female
583,Abramo,Mouser,Male
584,Link,Baglan,Male
585,Addison,Lillgard,Male
586,Helga,McAdam,Female
587,Austin,Lydiatt,Female
588,Duffy,Storck,Male
589,Adair,O'Corrigane,Male
590,Sandor,Dales,Male
591,Elli,Abbis,Female
592,Kelly,Sydenham,Male
593,Lory,Blackden,Female
594,Marion,Miller,Female
595,Wallis,Barthelmes,Female
596,Alfie,McElree,Female
597,Maegan,Omond,Female
598,Marigold,Mawdsley,Female
599,Beck,Golsby,Male
600,Sanson,Pacey,Male
601,Blinny,Cohr,Female
602,Phillipp,Priestner,Male
603,Aguistin,Odams,Male
604,Kassia,Rigate,Female
605,Helyn,Roland,Female
606,Harlen,McGuiney,Male
607,Enoch,Ghiraldi,Male
608,Mirelle,Stuckley,Female
609,Serge,Sellack,Male
610,Lelia,Damant,Female
611,Teresa,Aubray,Female
612,Georgia,Sambidge,Female
613,Klaus,Borgnol,Male
614,Phylys,Tivenan,Female
615,Darsey,Gittose,Female
616,Jermain,Ciraldo,Male
617,Faustine,Gheorghescu,Female
618,Devon,Maultby,Female
619,Georgianne,Croal,Female
620,Katheryn,Zarfai,Female
621,Ario,Leband,Male
622,Nerita,Flores,Female
623,Peder,Febre,Male
624,Bobbe,Corre,Female
625,Rockey,Baselli,Male
626,Tadd,Reeme,Male
627,Jennica,Schohier,Female
628,Alleen,Gristock,Female
629,Flin,Peschka,Male
630,Rivalee,Ropkes,Female
631,Muriel,Meredyth,Female
632,Georgeanna,Durman,Female
633,Muire,Stanning,Female
634,Billie,Phinnessy,Male
635,Luelle,Crouch,Female
636,Tiebold,Lydall,Male
637,Francis,Macellar,Male
638,Ddene,Kimbury,Female
639,Kiersten,Robelin,Female
640,Yvette,Lusted,Female
641,Ellis,Diable,Male
642,Miguel,Sweed,Male
643,Donall,Hedge,Male
644,Angie,Kier,Male
645,Madonna,Borsay,Female
646,Susannah,Fratson,Female
647,Deanna,Tomasek,Female
648,Ariel,Grandison,Male
649,Burch,De la Yglesia,Male
650,Shalne,Spykins,Female
651,Mireille,Ayer,Female
652,Carie,Gyles,Female
653,Eugenia,Weben,Female
654,Benedicta,Welling,Female
655,Gawen,Shinn,Male
656,Gilemette,Pott,Female
657,Savina,Scrimshaw,Female
658,Wade,Yakunchikov,Male
659,Anastasia,Domone,Female
660,Marvin,Coate,Male
661,Collin,Coath,Male
662,Bambi,Gaskal,Female
663,Stu,O'Doran,Male
664,Bat,Swindon,Male
665,Candra,Edler,Female
666,Gilligan,Artois,Female
667,Colene,Breward,Female
668,Candida,Kadwallider,Female
669,Lemar,Fratczak,Male
670,Pierre,Faithfull,Male
671,Mikol,McCarroll,Male
672,Bevin,Bolley,Male
673,Meryl,Krikorian,Female
674,Elton,Silverton,Male
675,Odele,Sibbons,Female
676,Charleen,Allport,Female
677,Olive,Rapley,Female
678,Jaquith,Gontier,Female
679,Nat,Saterthwait,Male
680,Kevin,Brandle,Male
681,Almeria,Surgood,Female
682,Evered,Lindstedt,Male
683,Hadley,Dyers,Male
684,Baxie,Bess,Male
685,Noble,O'Shee,Male
686,Stanton,Swindall,Male
687,Colas,Crank,Male
688,Albie,Spinley,Male
689,Xylina,Cranefield,Female
690,Burr,McGorman,Male
691,Brittne,Souter,Female
692,Lek,Beatey,Male
693,Aubry,Alexandre,Female
694,Franklyn,Simionato,Male
695,August,Cumberledge,Male
696,Corny,Camocke,Male
697,Annmaria,Lilburne,Female
698,Grange,Glewe,Male
699,Petunia,Matyushkin,Female
700,Deck,Grindley,Male
701,Ulberto,Aucott,Male
702,Jorie,Wynrahame,Female
703,Cazzie,Mullins,Male
704,Hadley,O'Lunny,Male
705,Curt,Owenson,Male
706,Chris,Costa,Female
707,Archibaldo,De Micoli,Male
708,Martie,Willoughby,Male
709,Emelita,Wetherburn,Female
710,Gaspar,Alldre,Male
711,Anabel,Patria,Female
712,Holly-anne,Usborn,Female
713,Zolly,Espinheira,Male
714,Phillipe,Rudman,Male
715,Alvan,Pruvost,Male
716,Brook,Wollrauch,Male
717,Royall,Larimer,Male
718,Bartholomew,Spraging,Male
719,Wolfgang,Stoyle,Male
720,Conway,Kunneke,Male
721,Wanda,MacCombe,Female
722,Jodi,Farlambe,Male
723,Wheeler,Spurret,Male
724,Stavros,Willshere,Male
725,Arabel,Jiggins,Female
726,Alison,Ingleston,Female
727,Reeba,Marlow,Female
728,Brendis,Brock,Male
729,Saba,Gilstoun,Female
730,Venus,Lyokhin,Female
731,Adelice,Abbado,Female
732,Kelley,Wesson,Male
733,Berrie,Camerello,Female
734,Wilma,Nayer,Female
735,Aube,Lemmertz,Male
736,Dean,Tothacot,Male
737,Brewster,Phipps,Male
738,Felipa,Cloughton,Female
739,Bobbee,Tollow,Female
740,Noam,Hazeley,Male
741,Herc,Wrightem,Male
742,Holly-anne,Klich,Female
743,Ethe,Sprigings,Male
744,Alameda,Cray,Female
745,Ethelda,Kemshell,Female
746,Darrick,Broadbridge,Male
747,Ruggiero,Wasielewicz,Male
748,Nikolas,Camosso,Male
749,Jacenta,Beebe,Female
750,Moira,Standage,Female
751,Timothy,Jandourek,Male
752,Gisele,Costar,Female
753,Worthy,Pithcock,Male
754,Benny,Remon,Male
755,Felicle,Leahy,Female
756,Orville,Bagenal,Male
757,Isabel,Flory,Female
758,Kalil,Recke,Male
759,Lemmie,Ammer,Male
760,Rebekah,Sacher,Female
761,Towny,Benneton,Male
762,Viv,Skillicorn,Female
763,Kevina,Orred,Female
764,Alex,Bowdidge,Female
765,Legra,Collick,Female
766,Lexis,Schurcke,Female
767,Wilmette,Pakeman,Female
768,Lawrence,Pigrome,Male
769,Petey,Branton,Male
770,Kingsley,Mulvy,Male
771,Joycelin,Chisnall,Female
772,Yasmeen,Haslehurst,Female
773,Lolly,Hanney,Female
774,Ethelred,Goldston,Male
775,Dela,MacVean,Female
776,Cyndi,Bowdler,Female
777,Nan,Dillingston,Female
778,Rockie,MacTeague,Male
779,Ninon,Dumbellow,Female
780,Ruddy,Low,Male
781,Mile,Filliskirk,Male
782,Garth,Georgiades,Male
783,Erwin,Caig,Male
784,Russ,Gisby,Male
785,Florian,Sammons,Male
786,Truda,O'Calleran,Female
787,Fremont,Peek,Male
788,Tomkin,Loche,Male
789,Ferguson,Crady,Male
790,Tonnie,Toomey,Male
791,Tad,Faucett,Male
792,Luis,MacDougall,Male
793,Hurleigh,Erie,Male
794,Agnola,Sapwell,Female
795,Anette,Yakushkin,Female
796,North,Ace,Male
797,Cordy,Kynder,Male
798,Alvis,Click,Male
799,Ilise,Ambrosch,Female
800,Lanita,Esser,Female
801,Brena,Smorthit,Female
802,Bertina,Sellek,Female
803,Janek,Bolgar,Male
804,Sadella,Braemer,Female
805,Minette,Milsted,Female
806,Dorita,Durdle,Female
807,Ricard,Jedrzejczak,Male
808,Dewie,Forton,Male
809,Gaven,Jelks,Male
810,Thorpe,Yakutin,Male
811,Gideon,Ogg,Male
812,Gradey,Matteuzzi,Male
813,Dolli,Code,Female
814,Ianthe,Wynrehame,Female
815,Clywd,Gerault,Male
816,Cordie,Eager,Male
817,Trina,Lanaway,Female
818,Rhiamon,Dautry,Female
819,Ruby,Kirton,Male
820,Kimbell,Obert,Male
821,Alasdair,Piatto,Male
822,Cloris,Le Cornu,Female
823,Winny,Whilde,Male
824,Jeanette,Bernli,Female
825,Kristien,Huckett,Female
826,Arne,Gaddesby,Male
827,Monah,Wakes,Female
828,Gerek,Bolam,Male
829,Farand,De Bernardis,Female
830,Godfree,Sharma,Male
831,Joann,Opie,Female
832,Marcellina,Paffitt,Female
833,Steffane,Masden,Female
834,Con,Eadington,Male
835,Agnesse,Powis,Female
836,Mandel,Corey,Male
837,Janaye,Fulham,Female
838,Theobald,Fahrenbach,Male
839,Brok,Imos,Male
840,Melesa,Philpin,Female
841,Nicholle,Sworder,Female
842,Justin,Anniwell,Male
843,Perceval,Vasyushkhin,Male
844,Myriam,Round,Female
845,Brooke,Graveston,Male
846,Ravid,Creer,Male
847,Carmine,Possel,Male
848,Elfreda,Tax,Female
849,Reynolds,Zimmermanns,Male
850,Gaye,Ripping,Female
851,Griz,Gavrielli,Male
852,Clement,Ezzle,Male
853,Annmarie,Rice,Female
854,Midge,Letson,Female
855,Erminie,Norledge,Female
856,Caressa,Vaggers,Female
857,Tersina,Thandi,Female
858,Renata,Ramage,Female
859,Avictor,Ketteman,Male
860,Fonsie,Deeth,Male
861,Cecil,Mantz,Female
862,Briana,Fydo,Female
863,Barron,Geraldini,Male
864,Elsworth,Fierro,Male
865,Chalmers,Howen,Male
866,Vincents,Curuclis,Male
867,Hakim,Kitto,Male
868,Natividad,Knowling,Female
869,Pierce,Rosenblum,Male
870,Jesse,Edlyn,Male
871,Charmain,Kipping,Female
872,Garek,Barfield,Male
873,Shara,Larciere,Female
874,Kellia,Bourrel,Female
875,Stu,Pennetta,Male
876,Riane,Elliston,Female
877,Gregorio,Lindup,Male
878,Mirilla,Mower,Female
879,Jayme,Hartopp,Male
880,Keven,McKague,Male
881,Jake,Cumo,Male
882,Simone,Inett,Female
883,Kristoffer,Haddleston,Male
884,Elisabetta,Hutchings,Female
885,Patsy,Spadeck,Female
886,Alfi,Hartlebury,Female
887,Brett,Bytheway,Female
888,Law,Hawney,Male
889,Brent,Lahive,Male
890,Ingrid,Dahl,Female
891,Jessika,Treanor,Female
892,Frederick,Brierton,Male
893,Benedick,Balmforth,Male
894,Faydra,Brisland,Female
895,Gale,Imms,Female
896,Mattie,Bontein,Male
897,Hal,Stonner,Male
898,Durand,Gavan,Male
899,Sherilyn,Piddocke,Female
900,Costa,Schuelcke,Male
901,Lori,Egiloff,Female
902,Marieann,Fust,Female
903,Terri-jo,Messitt,Female
904,Marietta,Autie,Male
905,Delora,Sayward,Female
906,Ermentrude,Barrowcliff,Female
907,Alexa,Scarffe,Female
908,Lissi,Iddins,Female
909,Hedwig,McNerlin,Female
910,Guglielmo,Bank,Male
911,Way,Brisard,Male
912,Raleigh,Ledley,Male
913,Maximo,Menauteau,Male
914,Hadley,Playfair,Male
915,Laird,Reddie,Male
916,Kordula,Shelf,Female
917,Laina,Agiolfinger,Female
918,Karlie,MacKereth,Female
919,Glennie,Rickarsey,Female
920,Sissie,Pow,Female
921,Heriberto,Kibbe,Male
922,Cesar,Hickinbottom,Male
923,Ceil,Kollatsch,Female
924,Constance,Wanstall,Female
925,Rourke,Thumim,Male
926,Bettye,Hanning,Female
927,Freeman,Hake,Male
928,Gordan,Frankish,Male
929,Hakeem,Stebles,Male
930,Elyse,Hailwood,Female
931,Carri,D'Ambrosi,Female
932,Vincenz,Filip,Male
933,Elwyn,Boor,Male
934,Durant,Vater,Male
935,Lorrie,Vesco,Female
936,Alasteir,Heller,Male
937,Melisa,Darrington,Female
938,Archibald,Pavolini,Male
939,Zechariah,Brasseur,Male
940,Roch,Fellowes,Female
941,Irma,Rankcom,Female
942,Riva,Starmore,Female
943,Janene,Tedstone,Female
944,Gale,Torrent,Male
945,Felice,Scurfield,Male
946,Opalina,Kneale,Female
947,Faina,Batecok,Female
948,Udell,Andriulis,Male
949,Andrew,Dufore,Male
950,Towney,Christofor,Male
951,Michaelina,Waumsley,Female
952,Karel,Colquit,Female
953,Clayson,Feronet,Male
954,Noland,Lanaway,Male
955,Lorrie,Rosewarne,Female
956,Kathye,Olligan,Female
957,Zonnya,Mulkerrins,Female
958,Claudetta,Snoxill,Female
959,Rozelle,Plant,Female
960,Thalia,Lohrensen,Female
961,Rana,Blowick,Female
962,Thekla,Maggi,Female
963,Tomkin,Martinelli,Male
964,Leilah,Faulkner,Female
965,Niel,McGuirk,Male
966,Wyatt,Quartly,Male
967,Adelaide,Matisse,Female
968,Myranda,Lissandrini,Female
969,Alric,Buesden,Male
970,Ellwood,Tippin,Male
971,Elyse,Shinton,Female
972,Eberto,Peddar,Male
973,Wenda,Behan,Female
974,Sergei,Raubenheimers,Male
975,Orazio,Scramage,Male
976,Benedikta,Minillo,Female
977,Axel,Gobourn,Male
978,Vasilis,Ramel,Male
979,Ashly,Filpo,Female
980,Terry,Dossit,Female
981,Munmro,D'Emanuele,Male
982,Pier,Thomasset,Female
983,Giulietta,Younglove,Female
984,Mike,Poynor,Male
985,Creigh,Tomek,Male
986,Nichole,Reasce,Female
987,Ardenia,Cordingley,Female
988,Christiana,Bleacher,Female
989,Archaimbaud,Lindenfeld,Male
990,Janeen,Gherardini,Female
991,Alysia,Woolhouse,Female
992,Sebastien,Trahair,Male
993,Janela,Parren,Female
994,Susy,Dashkovich,Female
995,Chlo,Vasyushkhin,Female
996,Arne,Polet,Male
997,Blithe,Linskill,Female
998,Ichabod,Tempest,Male
999,Siusan,Croux,Female
1000,Todd,Alvarado,Male
